id,gender,race_ethnicity,parental_level_of_education,lunch,test_preparation_course,math_score,reading_score,writing_score
30,male,group D,associate's degree,standard,none,90,87,86
536,male,group B,some high school,free/reduced,completed,58,56,53
696,female,group D,some high school,standard,completed,69,86,87
558,female,group E,associate's degree,free/reduced,none,60,74,68
837,female,group A,master's degree,standard,completed,68,76,76
597,female,group B,bachelor's degree,standard,completed,64,77,79
166,male,group E,bachelor's degree,standard,none,56,50,50
919,male,group D,bachelor's degree,free/reduced,none,85,78,81
496,male,group C,high school,standard,none,64,62,61
825,male,group C,some college,standard,none,68,58,54
66,female,group B,associate's degree,free/reduced,none,35,34,36
142,female,group D,high school,standard,none,59,69,64
926,female,group B,bachelor's degree,standard,none,73,87,89
828,male,group D,some college,standard,none,79,56,68
656,male,group C,some college,free/reduced,none,33,42,41
332,male,group D,associate's degree,standard,none,74,70,63
665,female,group D,high school,free/reduced,completed,78,86,88
250,female,group C,high school,standard,none,55,62,61
908,male,group D,high school,standard,completed,70,72,67
709,male,group B,master's degree,free/reduced,none,54,60,60
306,female,group C,bachelor's degree,free/reduced,completed,62,68,74
735,female,group E,high school,free/reduced,completed,70,77,86
976,male,group E,some high school,free/reduced,none,47,54,48
50,male,group D,some high school,standard,completed,80,77,80
897,female,group D,some high school,standard,completed,77,83,84
3,female,group D,some college,free/reduced,none,57,76,77
545,male,group B,bachelor's degree,standard,none,84,81,72
351,male,group A,some college,standard,none,72,77,67
905,female,group D,associate's degree,standard,none,84,92,90
537,female,group C,high school,standard,completed,80,83,86
345,male,group D,associate's degree,standard,none,95,86,83
995,female,group B,associate's degree,standard,none,82,97,90
482,male,group D,high school,free/reduced,none,54,53,47
576,male,group B,associate's degree,free/reduced,completed,68,73,72
34,female,group D,master's degree,free/reduced,none,32,35,37
32,female,group D,associate's degree,free/reduced,none,68,76,79
232,female,group E,associate's degree,free/reduced,none,80,80,83
964,male,group B,high school,standard,none,64,57,52
193,male,group B,some high school,standard,none,71,63,55
334,male,group C,some high school,free/reduced,none,61,56,53
4,male,group B,some college,free/reduced,none,70,70,63
205,female,group B,associate's degree,standard,none,62,81,77
515,female,group D,some high school,standard,none,83,92,93
800,male,group B,high school,standard,none,51,52,46
307,female,group B,high school,free/reduced,none,58,62,54
110,male,group E,some college,standard,none,88,81,77
431,female,group A,high school,standard,none,79,97,85
78,male,group C,some college,standard,none,55,61,59
85,female,group D,some college,standard,none,73,89,89
287,male,group A,some college,standard,none,77,73,69
83,female,group A,some college,standard,none,51,46,42
992,female,group A,associate's degree,standard,none,72,77,77
790,female,group C,some high school,standard,none,88,90,90
895,female,group E,bachelor's degree,standard,none,52,53,55
399,female,group C,associate's degree,free/reduced,none,66,73,69
324,female,group D,some high school,standard,completed,94,91,98
520,female,group B,high school,standard,completed,66,62,66
917,female,group C,high school,standard,none,71,72,69
923,male,group B,high school,standard,none,65,66,61
6,male,group C,some high school,standard,none,68,57,54
732,female,group C,high school,free/reduced,completed,54,68,69
466,female,group D,associate's degree,standard,completed,82,85,94
98,female,group B,associate's degree,standard,none,73,80,78
267,female,group D,some high school,standard,none,74,79,79
358,female,group B,some high school,standard,none,67,73,76
869,male,group E,some high school,standard,none,92,80,78
799,female,group B,associate's degree,free/reduced,none,61,64,63
381,female,group C,associate's degree,free/reduced,completed,79,89,96
632,female,group B,high school,standard,completed,72,73,72
382,male,group E,bachelor's degree,free/reduced,none,62,69,60
491,male,group C,some high school,standard,none,63,57,59
119,female,group B,high school,free/reduced,none,38,55,52
901,female,group E,some high school,standard,none,87,87,84
251,female,group C,some college,standard,none,71,69,73
524,female,group C,associate's degree,free/reduced,completed,42,50,61
10,female,group C,bachelor's degree,standard,completed,57,69,77
197,male,group C,some college,standard,completed,82,89,86
604,male,group B,some high school,standard,none,55,49,44
82,male,group D,master's degree,free/reduced,completed,91,93,95
784,male,group C,associate's degree,free/reduced,none,82,86,78
588,male,group C,some high school,free/reduced,none,64,56,52
798,female,group D,some college,standard,completed,81,93,94
240,male,group B,some high school,standard,none,63,56,47
291,male,group C,high school,standard,none,49,53,43
212,female,group E,some high school,free/reduced,completed,46,57,57
718,male,group C,some college,free/reduced,none,71,74,73
360,male,group C,some college,standard,completed,95,85,80
450,male,group C,master's degree,standard,none,68,56,57
228,female,group E,some high school,standard,none,48,60,57
951,female,group C,associate's degree,standard,completed,89,86,92
947,male,group C,some college,free/reduced,completed,65,62,63
797,male,group D,associate's degree,standard,none,86,72,76
502,male,group C,associate's degree,free/reduced,completed,60,57,61
465,female,group D,associate's degree,standard,none,61,70,73
363,male,group E,high school,standard,completed,83,80,82
469,male,group B,some high school,free/reduced,none,33,47,32
936,male,group C,bachelor's degree,free/reduced,none,58,66,67
429,male,group E,associate's degree,standard,none,75,68,68
8,female,group B,some high school,standard,none,46,61,58
156,female,group B,associate's degree,free/reduced,none,67,73,74
542,male,group C,high school,standard,none,74,72,62
441,female,group D,some high school,free/reduced,none,58,63,65
483,male,group D,high school,standard,none,83,78,74
423,male,group E,some college,standard,completed,84,77,79
779,female,group A,some high school,free/reduced,none,47,58,54
950,male,group B,some high school,standard,none,79,69,70
335,male,group D,some college,free/reduced,none,59,45,44
577,male,group D,some college,standard,none,74,74,70
935,male,group C,associate's degree,free/reduced,none,59,64,60
568,female,group C,some high school,free/reduced,completed,52,59,58
595,male,group D,high school,free/reduced,none,51,56,50
531,female,group C,some college,free/reduced,completed,60,80,76
582,female,group C,some college,standard,none,53,59,59
708,female,group B,associate's degree,standard,completed,81,92,97
449,female,group B,some high school,standard,none,83,86,89
454,female,group C,high school,standard,none,63,64,59
229,male,group C,high school,free/reduced,none,20,25,15
353,male,group C,some college,standard,none,72,76,64
729,male,group D,some college,standard,none,98,88,85
213,female,group E,some college,standard,none,74,77,73
80,male,group B,high school,standard,none,65,61,57
149,male,group C,bachelor's degree,standard,none,91,83,82
303,female,group B,bachelor's degree,standard,completed,82,85,99
629,female,group C,associate's degree,standard,none,82,91,85
778,female,group E,some high school,free/reduced,completed,42,59,59
507,female,group A,high school,free/reduced,none,34,49,47
343,female,group D,some college,standard,none,56,53,58
486,male,group D,some high school,free/reduced,completed,69,70,75
712,male,group D,bachelor's degree,free/reduced,none,63,59,51
134,male,group D,master's degree,standard,none,71,61,63
704,female,group E,some college,free/reduced,none,84,88,82
312,male,group E,some high school,free/reduced,none,57,45,46
723,male,group C,associate's degree,free/reduced,none,62,55,50
630,male,group D,some college,standard,completed,69,58,60
1,female,group D,some college,standard,completed,59,70,78
317,female,group D,high school,free/reduced,none,54,58,63
707,male,group B,high school,free/reduced,completed,76,81,72
548,female,group B,some high school,standard,none,52,65,60
873,female,group E,some college,standard,none,62,65,65
533,female,group C,high school,standard,none,54,73,64
478,female,group B,high school,standard,none,45,52,51
405,male,group C,high school,standard,none,92,89,83
173,female,group A,some high school,standard,completed,57,68,74
126,female,group E,some college,standard,none,83,90,88
395,male,group C,bachelor's degree,free/reduced,none,65,61,57
421,male,group D,bachelor's degree,standard,none,76,65,70
553,male,group B,some high school,free/reduced,none,46,41,40
904,male,group B,some college,free/reduced,none,56,47,48
91,male,group C,associate's degree,free/reduced,completed,72,67,61
940,female,group D,bachelor's degree,standard,none,41,51,53
182,female,group B,associate's degree,standard,none,81,89,86
275,male,group D,associate's degree,standard,none,67,72,65
896,female,group C,some high school,standard,none,60,61,57
70,male,group D,associate's degree,standard,none,80,70,73
292,female,group D,associate's degree,standard,none,42,48,42
132,female,group C,some college,standard,none,56,58,55
301,female,group C,associate's degree,standard,none,72,77,75
425,female,group C,associate's degree,free/reduced,completed,69,76,82
327,male,group D,associate's degree,free/reduced,none,68,69,55
145,female,group D,associate's degree,standard,none,61,56,60
424,female,group A,bachelor's degree,free/reduced,none,62,75,73
581,male,group E,some college,standard,completed,100,89,86
136,male,group C,some college,standard,none,81,65,60
451,male,group D,bachelor's degree,standard,none,74,76,73
165,male,group A,some college,standard,none,62,58,57
29,female,group E,associate's degree,standard,none,80,79,71
774,male,group D,some high school,free/reduced,completed,35,56,54
194,male,group D,some high school,free/reduced,completed,58,57,53
389,female,group E,bachelor's degree,free/reduced,none,63,61,64
853,male,group A,some college,standard,none,82,68,63
170,female,group D,bachelor's degree,free/reduced,completed,64,77,77
706,female,group A,some high school,standard,none,70,75,70
141,male,group C,some college,standard,none,65,64,61
174,male,group E,master's degree,standard,none,43,45,38
7,female,group E,associate's degree,standard,none,82,83,80
746,male,group C,master's degree,free/reduced,none,82,69,76
479,female,group C,some high school,standard,none,75,86,84
74,female,group D,some high school,free/reduced,completed,41,58,59
911,female,group B,high school,standard,completed,77,83,91
814,male,group B,high school,standard,completed,85,75,72
239,male,group D,some college,free/reduced,completed,77,77,77
146,female,group A,bachelor's degree,standard,completed,73,79,81
793,female,group C,some college,standard,none,59,72,70
235,male,group D,some college,free/reduced,completed,73,68,72
221,male,group C,master's degree,standard,none,85,81,80
924,female,group D,bachelor's degree,free/reduced,none,68,79,78
501,female,group E,some high school,standard,none,91,97,91
133,male,group D,some high school,free/reduced,completed,47,46,51
991,female,group C,some high school,standard,none,70,77,76
775,female,group C,associate's degree,standard,none,69,82,78
186,female,group D,master's degree,free/reduced,none,93,98,94
42,male,group C,associate's degree,standard,completed,76,82,77
697,male,group C,some high school,standard,none,65,58,57
109,male,group C,associate's degree,free/reduced,completed,61,58,56
589,male,group C,high school,standard,none,77,70,60
57,female,group D,master's degree,standard,none,67,75,80
406,male,group D,some high school,standard,completed,56,48,54
443,male,group C,associate's degree,standard,none,50,42,35
758,female,group C,some college,free/reduced,completed,67,89,89
998,female,group A,high school,standard,completed,67,86,86
25,male,group D,associate's degree,standard,completed,99,85,88
468,female,group D,some high school,standard,none,52,66,63
540,female,group B,some college,free/reduced,completed,55,67,68
532,female,group D,high school,free/reduced,completed,67,75,84
619,female,group C,master's degree,standard,completed,83,86,90
695,male,group E,associate's degree,free/reduced,completed,66,60,64
927,male,group B,some college,free/reduced,completed,76,83,78
339,female,group B,high school,free/reduced,completed,45,61,63
52,female,group E,master's degree,free/reduced,completed,74,83,84
508,male,group D,some high school,free/reduced,none,49,49,43
517,female,group D,some high school,free/reduced,completed,64,75,81
921,male,group E,master's degree,standard,none,91,82,74
782,male,group D,associate's degree,free/reduced,none,49,54,50
265,female,group C,some college,standard,none,82,84,83
818,female,group B,some college,standard,none,58,69,63
711,male,group A,some high school,standard,completed,56,53,53
683,female,group B,associate's degree,standard,none,84,90,89
833,male,group A,some college,standard,completed,92,86,88
519,female,group B,some college,free/reduced,completed,69,85,84
448,male,group C,some college,free/reduced,none,57,60,57
19,female,group E,associate's degree,free/reduced,none,80,82,85
716,male,group A,associate's degree,standard,none,83,83,70
484,male,group B,associate's degree,free/reduced,none,74,79,65
569,male,group C,associate's degree,free/reduced,none,73,66,68
434,male,group A,high school,free/reduced,none,44,49,43
368,female,group C,bachelor's degree,free/reduced,completed,68,78,83
84,male,group C,some college,standard,completed,73,77,76
62,male,group C,some high school,free/reduced,completed,63,69,63
639,female,group C,high school,standard,none,56,68,66
273,female,group E,high school,free/reduced,none,74,88,75
286,male,group E,some college,standard,completed,80,70,71
361,female,group B,master's degree,standard,none,71,68,68
355,male,group A,high school,standard,completed,80,72,72
457,female,group D,associate's degree,standard,none,84,90,90
279,male,group A,associate's degree,standard,none,37,40,36
13,male,group B,bachelor's degree,free/reduced,none,76,74,76
183,male,group A,master's degree,free/reduced,none,84,85,87
369,female,group C,some high school,free/reduced,none,34,44,43
882,female,group D,associate's degree,standard,none,63,69,66
616,female,group C,some college,free/reduced,completed,44,44,53
224,female,group E,some high school,standard,none,52,71,70
573,male,group D,high school,free/reduced,none,54,49,48
971,female,group C,high school,free/reduced,none,48,60,55
654,female,group E,some high school,standard,completed,89,95,99
546,male,group E,high school,standard,none,93,86,76
583,male,group C,bachelor's degree,free/reduced,completed,72,70,70
634,male,group A,high school,standard,completed,83,71,69
177,female,group B,some high school,standard,none,60,73,68
666,male,group D,some college,free/reduced,completed,56,61,62
674,female,group D,bachelor's degree,standard,none,58,61,59
586,male,group C,high school,standard,none,65,69,56
874,male,group D,associate's degree,standard,none,61,56,56
394,female,group C,some college,free/reduced,none,68,64,64
164,male,group B,associate's degree,free/reduced,completed,50,56,55
249,male,group A,high school,standard,completed,78,88,85
635,male,group C,some high school,standard,none,68,76,72
886,male,group D,some high school,standard,none,67,59,59
670,male,group D,some high school,standard,completed,74,78,78
376,male,group C,some college,free/reduced,none,56,57,62
413,male,group C,high school,standard,none,90,79,75
75,male,group E,some college,standard,completed,61,49,52
114,female,group C,master's degree,standard,completed,50,64,63
599,male,group C,associate's degree,standard,none,76,61,62
962,female,group E,some college,standard,completed,68,78,77
391,female,group D,some college,standard,none,58,62,63
105,female,group C,high school,free/reduced,none,76,90,84
115,female,group B,associate's degree,standard,completed,63,72,78
418,male,group C,some college,standard,none,76,74,73
526,female,group C,associate's degree,standard,completed,77,90,97
458,female,group E,high school,free/reduced,completed,68,69,71
410,female,group C,high school,standard,none,69,81,70
93,male,group C,some college,standard,none,43,51,38
931,female,group D,high school,free/reduced,none,68,73,71
90,male,group C,bachelor's degree,standard,none,64,62,58
337,female,group B,associate's degree,free/reduced,none,61,68,67
989,male,group D,some high school,standard,none,51,53,45
922,male,group D,associate's degree,standard,completed,100,100,98
934,male,group D,some college,free/reduced,none,67,58,58
606,male,group C,some high school,free/reduced,none,79,77,71
594,female,group D,some college,standard,none,84,97,96
612,female,group D,some college,free/reduced,none,41,58,60
95,female,group C,some college,standard,none,71,88,83
12,male,group B,master's degree,standard,none,53,50,49
397,male,group C,bachelor's degree,free/reduced,none,73,69,70
534,male,group B,bachelor's degree,free/reduced,completed,48,59,55
44,male,group D,some college,standard,none,69,73,67
43,male,group B,high school,standard,none,86,82,72
330,female,group D,some college,standard,none,71,71,76
168,female,group E,some high school,free/reduced,none,63,72,60
498,female,group D,associate's degree,free/reduced,none,62,65,69
877,female,group D,some high school,free/reduced,none,30,59,51
598,female,group C,some college,standard,completed,67,74,81
757,male,group A,some college,free/reduced,completed,74,75,78
101,male,group D,high school,standard,none,88,72,74
427,male,group D,bachelor's degree,standard,none,63,65,58
179,female,group C,associate's degree,free/reduced,completed,68,84,87
445,male,group D,some high school,free/reduced,completed,40,50,47
417,male,group C,some college,standard,none,90,76,71
871,male,group E,associate's degree,standard,completed,88,78,86
883,female,group D,associate's degree,free/reduced,none,71,78,81
681,female,group C,bachelor's degree,standard,completed,92,88,94
178,male,group E,high school,standard,none,81,70,70
396,female,group D,some college,free/reduced,completed,66,71,87
912,male,group D,high school,free/reduced,completed,58,67,67
794,male,group C,high school,free/reduced,none,45,43,47
961,female,group C,high school,standard,completed,44,69,68
685,female,group E,high school,standard,none,85,86,88
384,female,group C,some college,standard,none,66,78,75
957,female,group E,bachelor's degree,standard,none,66,65,76
752,male,group C,bachelor's degree,standard,none,68,56,57
258,male,group C,master's degree,free/reduced,completed,57,64,66
539,male,group C,some college,standard,completed,48,38,46
336,female,group B,high school,free/reduced,none,49,65,62
16,male,group E,master's degree,free/reduced,none,56,46,43
325,male,group B,some college,free/reduced,none,44,45,41
759,female,group B,some college,free/reduced,none,37,51,51
223,female,group C,master's degree,free/reduced,completed,71,92,93
180,male,group C,associate's degree,standard,none,65,63,57
984,male,group D,some high school,standard,completed,76,78,79
23,female,group B,some college,standard,none,70,71,71
357,female,group C,some college,standard,completed,84,88,87
667,male,group C,some high school,standard,none,54,56,47
862,male,group C,high school,free/reduced,completed,77,80,74
341,female,group B,associate's degree,standard,none,71,87,87
432,female,group D,high school,standard,none,53,66,64
552,male,group C,high school,free/reduced,completed,54,53,51
834,male,group D,associate's degree,standard,none,44,45,41
204,male,group E,high school,standard,none,100,91,85
631,male,group D,bachelor's degree,free/reduced,none,72,71,65
94,male,group D,some college,standard,none,80,75,74
559,female,group B,associate's degree,standard,none,75,91,81
69,female,group C,high school,free/reduced,none,56,62,57
623,male,group B,associate's degree,free/reduced,none,45,52,45
285,female,group B,some college,standard,completed,45,63,67
845,female,group C,bachelor's degree,free/reduced,completed,44,45,52
435,male,group B,high school,standard,none,44,50,37
154,male,group A,master's degree,standard,none,59,57,51
76,male,group B,bachelor's degree,standard,none,63,46,46
731,female,group B,bachelor's degree,standard,none,81,84,86
447,male,group C,associate's degree,free/reduced,none,57,58,51
189,female,group D,some college,standard,none,75,75,78
272,female,group D,some college,free/reduced,completed,64,66,62
237,male,group B,bachelor's degree,standard,completed,94,82,93
488,male,group E,bachelor's degree,standard,completed,95,90,89
118,male,group C,high school,free/reduced,completed,64,71,68
944,female,group C,associate's degree,standard,none,81,96,93
513,female,group D,associate's degree,free/reduced,none,45,61,57
826,male,group D,some high school,free/reduced,none,67,63,63
592,male,group C,bachelor's degree,standard,none,70,49,53
127,male,group B,associate's degree,standard,completed,76,79,80
117,female,group E,high school,standard,none,90,96,88
474,male,group C,some college,standard,completed,72,56,63
694,female,group C,high school,free/reduced,none,24,48,46
58,female,group E,some high school,standard,completed,89,93,93
864,male,group A,high school,standard,none,56,45,38
913,male,group C,some college,free/reduced,completed,70,66,68
370,male,group E,some college,standard,none,97,96,89
269,female,group D,high school,free/reduced,none,42,61,63
47,male,group A,associate's degree,standard,completed,96,82,90
350,female,group C,associate's degree,standard,none,57,67,64
196,male,group D,associate's degree,standard,none,57,63,54
1000,male,group D,high school,standard,none,58,47,45
835,male,group C,master's degree,free/reduced,none,57,54,48
737,male,group C,some college,standard,none,55,48,46
264,female,group A,associate's degree,standard,none,53,57,60
444,female,group D,associate's degree,free/reduced,completed,73,72,79
676,male,group C,some high school,standard,none,63,59,51
305,male,group E,high school,free/reduced,completed,76,61,61
342,male,group B,associate's degree,standard,none,67,60,61
967,male,group D,high school,standard,none,85,81,83
150,female,group C,master's degree,standard,none,67,78,80
125,female,group D,bachelor's degree,free/reduced,completed,59,78,80
787,male,group B,master's degree,standard,none,92,89,83
51,female,group E,high school,free/reduced,completed,65,77,74
354,male,group B,some college,free/reduced,none,52,57,49
928,female,group C,some high school,standard,none,86,92,83
143,male,group C,high school,standard,none,84,77,80
471,female,group B,some high school,free/reduced,none,61,80,82
400,male,group E,some college,standard,none,81,78,68
626,female,group E,some college,standard,completed,78,83,76
321,male,group C,some high school,standard,completed,62,71,62
20,female,group D,associate's degree,standard,completed,65,71,74
810,female,group E,some college,standard,completed,96,98,100
791,male,group D,some college,standard,none,92,77,84
809,male,group B,some high school,standard,completed,72,62,62
408,male,group D,associate's degree,standard,none,72,67,59
538,female,group B,some college,standard,none,84,100,96
621,male,group E,high school,free/reduced,none,61,56,52
39,male,group C,associate's degree,free/reduced,completed,74,85,87
176,female,group D,master's degree,standard,none,62,71,74
246,male,group C,high school,standard,completed,88,75,72
829,male,group C,some high school,standard,none,63,63,63
668,male,group A,associate's degree,standard,completed,79,65,69
755,male,group E,some college,free/reduced,none,67,67,62
859,female,group D,associate's degree,free/reduced,completed,47,58,56
155,male,group E,some college,standard,none,88,76,81
288,male,group B,bachelor's degree,free/reduced,none,57,54,44
603,male,group C,high school,standard,none,84,71,66
570,female,group D,some high school,free/reduced,completed,62,75,79
744,female,group A,high school,standard,none,52,68,66
18,female,group C,high school,standard,none,87,92,81
128,female,group D,some high school,standard,completed,83,95,97
323,male,group C,associate's degree,free/reduced,completed,61,69,62
256,male,group B,some college,standard,none,85,80,73
658,male,group E,some college,standard,completed,87,87,79
965,female,group C,some college,free/reduced,none,62,74,74
191,male,group C,bachelor's degree,standard,none,77,65,69
116,female,group E,bachelor's degree,standard,none,98,95,100
617,female,group C,high school,free/reduced,completed,34,66,59
607,male,group C,associate's degree,standard,none,81,77,71
181,female,group B,high school,standard,none,59,72,67
302,female,group D,some high school,standard,none,82,77,80
760,female,group A,high school,standard,none,61,73,74
713,male,group C,associate's degree,free/reduced,none,39,44,36
724,female,group C,high school,standard,completed,55,72,70
686,female,group B,high school,free/reduced,none,59,74,68
980,male,group C,some high school,standard,none,83,84,78
518,male,group B,high school,free/reduced,none,65,55,51
985,female,group E,bachelor's degree,standard,none,86,87,90
46,male,group C,bachelor's degree,standard,none,63,71,65
910,male,group C,bachelor's degree,standard,completed,86,77,80
158,male,group C,associate's degree,free/reduced,completed,87,82,79
852,male,group C,master's degree,standard,none,81,80,73
172,male,group D,some college,free/reduced,none,82,72,69
17,female,group C,some college,free/reduced,none,35,47,41
512,male,group C,associate's degree,free/reduced,none,72,80,75
49,female,group E,high school,standard,none,59,52,56
972,female,group C,high school,standard,none,59,66,69
941,female,group D,some college,free/reduced,none,36,45,44
516,female,group E,some college,standard,completed,86,89,89
953,female,group C,some college,standard,none,79,93,81
481,female,group C,high school,standard,none,21,30,26
284,female,group B,high school,free/reduced,none,55,68,66
719,female,group C,some college,standard,none,46,52,48
878,male,group A,associate's degree,free/reduced,completed,63,61,64
226,male,group B,associate's degree,standard,none,47,48,49
27,male,group D,high school,free/reduced,none,58,52,51
955,female,group E,some high school,free/reduced,none,62,71,61
438,male,group B,some high school,standard,none,49,39,33
952,female,group E,high school,free/reduced,none,85,91,88
365,male,group B,some college,free/reduced,completed,58,57,58
230,female,group C,some high school,standard,none,70,75,76
38,male,group D,associate's degree,standard,completed,68,66,72
966,male,group C,master's degree,free/reduced,none,45,53,45
375,female,group B,high school,free/reduced,none,39,60,52
470,male,group D,associate's degree,standard,completed,67,68,69
968,male,group C,some high school,standard,none,45,48,46
851,male,group C,some high school,standard,none,84,84,74
705,female,group B,master's degree,standard,none,62,67,70
842,male,group C,some college,free/reduced,completed,62,72,67
195,female,group D,high school,free/reduced,none,47,66,66
855,female,group C,high school,standard,none,31,49,42
865,female,group B,associate's degree,free/reduced,completed,58,67,70
504,female,group D,associate's degree,standard,none,75,87,90
970,male,group C,high school,standard,none,65,70,57
831,male,group C,bachelor's degree,free/reduced,none,47,53,42
580,male,group B,some college,standard,none,69,59,57
969,male,group B,associate's degree,standard,none,81,66,58
163,male,group D,high school,standard,completed,65,60,57
909,male,group C,high school,standard,none,79,72,72
153,female,group C,high school,standard,none,66,77,80
802,male,group B,high school,standard,none,81,71,62
994,male,group D,some high school,standard,none,83,74,80
756,female,group A,associate's degree,standard,none,73,76,74
112,female,group B,bachelor's degree,standard,none,65,79,73
227,male,group D,some college,standard,completed,96,92,88
689,male,group D,some college,free/reduced,none,62,58,56
104,female,group C,some college,free/reduced,none,43,58,60
422,male,group C,some high school,standard,completed,63,69,68
420,female,group D,bachelor's degree,free/reduced,completed,45,68,71
751,female,group B,some college,standard,none,61,69,73
587,female,group D,high school,free/reduced,none,15,39,40
781,male,group E,some college,standard,completed,90,93,91
673,female,group C,some college,free/reduced,completed,62,78,71
120,female,group B,bachelor's degree,standard,none,84,91,93
54,female,group B,some college,standard,completed,69,72,72
152,male,group B,master's degree,standard,none,61,56,52
404,male,group C,some college,free/reduced,none,65,77,70
946,male,group D,some college,free/reduced,none,66,56,56
208,male,group E,master's degree,free/reduced,none,74,67,67
659,female,group B,some college,standard,none,50,48,52
844,male,group A,associate's degree,standard,completed,55,62,58
763,male,group C,high school,free/reduced,none,34,37,27
9,male,group C,some high school,standard,none,80,75,73
808,male,group B,some high school,free/reduced,none,38,38,30
37,female,group E,some college,free/reduced,none,69,74,75
453,female,group C,some high school,free/reduced,none,38,45,44
652,female,group B,some college,standard,completed,77,90,93
254,female,group B,bachelor's degree,standard,completed,66,73,72
304,female,group A,some high school,standard,none,70,82,83
747,male,group C,some college,free/reduced,none,62,65,61
572,female,group B,associate's degree,standard,none,90,94,93
624,male,group B,high school,standard,none,71,63,61
733,female,group D,associate's degree,standard,completed,82,95,100
892,male,group C,high school,standard,none,69,58,52
263,male,group B,some college,free/reduced,none,51,50,44
611,male,group D,associate's degree,standard,none,86,84,82
298,male,group D,high school,standard,none,60,54,47
415,female,group D,associate's degree,standard,none,40,51,51
151,male,group D,high school,standard,completed,62,69,67
789,male,group D,bachelor's degree,standard,none,64,63,64
641,male,group C,high school,standard,completed,75,69,67
890,female,group C,high school,free/reduced,completed,54,72,68
551,male,group D,some high school,standard,none,55,50,47
887,female,group C,some high school,standard,none,53,48,49
489,male,group E,some college,standard,completed,97,88,81
148,female,group E,associate's degree,standard,none,75,70,71
147,male,group D,some high school,standard,none,82,77,72
721,male,group D,bachelor's degree,standard,none,55,35,43
932,male,group D,some college,standard,none,59,62,52
740,female,group B,some college,free/reduced,completed,58,62,64
660,female,group A,high school,standard,none,79,86,84
349,male,group B,some college,free/reduced,none,78,68,70
464,male,group A,some college,standard,none,58,64,55
326,female,group C,associate's degree,standard,none,56,71,70
187,female,group C,high school,standard,none,77,81,85
124,female,group B,high school,standard,none,55,60,67
854,female,group C,master's degree,standard,completed,79,92,87
609,male,group C,associate's degree,free/reduced,completed,59,68,66
144,male,group E,bachelor's degree,standard,none,85,77,78
959,female,group C,some high school,standard,none,74,77,72
198,female,group B,master's degree,standard,none,53,61,59
610,male,group D,some college,standard,completed,82,79,81
280,female,group A,associate's degree,free/reduced,none,58,75,78
294,female,group C,bachelor's degree,free/reduced,none,55,56,54
401,male,group E,some high school,standard,none,77,62,57
123,female,group D,associate's degree,free/reduced,completed,64,67,75
184,female,group A,high school,standard,completed,56,68,70
203,female,group B,high school,standard,none,63,76,67
439,female,group A,high school,standard,completed,82,95,93
247,female,group C,associate's degree,free/reduced,completed,52,64,66
416,female,group A,high school,standard,none,64,72,66
933,male,group B,bachelor's degree,standard,none,84,80,77
766,male,group D,some college,standard,none,81,86,78
907,male,group D,master's degree,free/reduced,none,75,65,65
836,female,group D,bachelor's degree,standard,completed,83,100,100
888,female,group B,bachelor's degree,free/reduced,none,50,62,62
130,female,group C,some college,free/reduced,none,43,65,60
638,male,group B,high school,standard,completed,88,87,85
403,female,group C,bachelor's degree,standard,none,58,70,72
785,female,group C,associate's degree,standard,none,72,69,70
771,female,group C,master's degree,standard,none,70,81,75
736,female,group C,some college,standard,none,77,85,85
914,female,group D,master's degree,standard,none,69,67,78
220,female,group E,high school,standard,none,61,61,57
642,female,group C,some college,standard,none,45,46,47
916,female,group E,some college,free/reduced,none,76,82,81
753,female,group C,associate's degree,standard,none,60,75,72
807,male,group C,associate's degree,standard,none,80,76,74
920,male,group C,some high school,standard,none,94,84,80
625,male,group C,bachelor's degree,standard,completed,62,67,68
875,female,group C,associate's degree,free/reduced,none,65,66,66
761,female,group C,some college,free/reduced,completed,64,81,87
387,female,group E,bachelor's degree,free/reduced,completed,68,82,86
973,female,group C,some college,standard,completed,80,88,90
510,male,group E,associate's degree,standard,none,78,73,65
268,female,group D,master's degree,free/reduced,none,73,72,75
820,male,group D,some college,standard,completed,80,67,72
442,female,group B,high school,standard,none,65,68,67
497,female,group E,high school,standard,none,86,89,87
113,female,group C,some college,standard,completed,73,86,89
692,male,group B,some high school,free/reduced,completed,64,62,55
233,female,group B,some college,standard,none,83,88,90
870,female,group C,high school,standard,none,87,90,85
608,male,group D,associate's degree,standard,completed,89,75,80
672,male,group C,high school,standard,none,90,78,78
374,male,group E,high school,standard,none,96,94,93
982,male,group E,some high school,standard,completed,87,83,80
843,male,group D,some high school,standard,none,90,72,79
234,male,group C,bachelor's degree,standard,none,75,71,76
786,female,group D,associate's degree,standard,none,67,67,67
677,male,group D,associate's degree,standard,completed,89,83,81
318,male,group A,some college,free/reduced,none,43,43,40
649,male,group D,bachelor's degree,standard,completed,97,91,96
411,male,group D,some college,standard,completed,70,66,68
899,male,group C,some college,standard,none,76,65,58
710,male,group D,high school,standard,none,67,65,59
359,female,group B,master's degree,standard,completed,59,75,79
259,female,group B,associate's degree,standard,completed,65,78,81
745,male,group B,master's degree,standard,none,88,78,84
628,female,group A,associate's degree,standard,completed,73,68,81
633,male,group B,associate's degree,free/reduced,none,57,59,62
283,female,group C,high school,standard,none,70,63,63
377,male,group C,high school,standard,none,31,27,19
385,male,group C,high school,standard,completed,64,66,69
225,female,group D,some college,standard,none,62,62,68
954,female,group B,associate's degree,standard,completed,83,96,96
815,male,group E,associate's degree,standard,none,82,76,71
473,male,group D,bachelor's degree,standard,completed,98,96,100
348,male,group B,bachelor's degree,standard,none,82,68,69
506,female,group C,associate's degree,free/reduced,completed,79,92,97
640,female,group B,associate's degree,standard,none,68,70,76
988,female,group D,master's degree,standard,completed,87,95,100
929,female,group C,associate's degree,standard,completed,75,74,80
906,male,group B,associate's degree,standard,none,73,54,57
620,male,group C,some college,standard,none,55,65,57
856,male,group E,some high school,standard,none,73,62,59
804,female,group E,bachelor's degree,standard,completed,92,87,92
646,female,group B,some high school,free/reduced,completed,64,72,79
847,female,group E,high school,standard,none,92,94,94
557,male,group A,associate's degree,free/reduced,completed,56,60,63
958,female,group B,some high school,free/reduced,none,36,52,51
578,male,group C,high school,free/reduced,none,51,57,44
796,male,group B,high school,standard,none,52,48,49
86,male,group D,master's degree,standard,none,100,97,91
243,female,group D,some college,standard,none,74,79,73
699,female,group E,high school,standard,none,54,56,56
160,female,group D,associate's degree,standard,none,70,79,76
525,female,group D,high school,free/reduced,none,75,81,87
36,female,group A,some high school,standard,none,57,53,54
541,female,group C,some high school,standard,completed,69,84,81
171,female,group B,some college,standard,completed,61,75,82
655,male,group A,high school,standard,none,78,72,66
891,male,group E,some college,standard,none,81,72,70
858,male,group E,bachelor's degree,standard,completed,100,100,100
848,male,group B,high school,free/reduced,completed,73,68,71
945,male,group A,some high school,standard,none,59,60,50
734,female,group E,high school,free/reduced,none,62,70,64
96,female,group C,associate's degree,standard,completed,91,96,97
564,male,group C,some high school,standard,none,67,65,62
241,male,group B,bachelor's degree,standard,completed,64,70,72
743,male,group B,some college,standard,none,76,70,67
575,male,group C,some high school,free/reduced,none,74,66,64
691,male,group D,some college,standard,none,74,63,65
461,female,group C,high school,free/reduced,none,39,50,41
554,male,group D,high school,free/reduced,none,48,46,50
889,female,group C,high school,standard,none,59,63,61
207,male,group C,some college,standard,none,51,56,53
393,female,group C,associate's degree,free/reduced,none,44,55,61
795,male,group C,high school,free/reduced,none,56,67,62
398,female,group B,associate's degree,free/reduced,none,67,76,76
767,male,group E,master's degree,standard,completed,88,89,87
849,female,group D,high school,standard,completed,75,74,75
218,male,group A,some high school,free/reduced,completed,59,55,58
5,female,group D,associate's degree,standard,none,83,85,86
769,female,group C,some high school,standard,none,70,75,78
643,male,group C,high school,free/reduced,none,72,68,62
930,male,group D,some high school,standard,none,68,53,53
613,female,group D,master's degree,standard,completed,64,67,72
739,male,group A,associate's degree,free/reduced,completed,69,77,77
547,male,group E,associate's degree,standard,none,56,44,44
726,male,group D,associate's degree,free/reduced,none,82,76,75
684,male,group C,some college,standard,completed,71,66,70
99,female,group B,high school,free/reduced,completed,75,90,95
805,male,group E,associate's degree,standard,none,71,63,53
728,male,group C,some college,standard,none,80,79,74
574,male,group D,associate's degree,standard,none,81,74,74
407,female,group D,master's degree,standard,none,65,73,77
503,male,group E,high school,free/reduced,none,59,55,46
48,male,group C,some college,standard,completed,80,76,68
33,female,group B,high school,free/reduced,completed,69,78,75
780,female,group B,bachelor's degree,free/reduced,completed,49,57,61
840,male,group A,some college,standard,completed,56,51,44
201,female,group A,some college,free/reduced,completed,75,97,92
135,female,group C,master's degree,standard,completed,66,70,83
28,male,group D,some high school,standard,none,70,66,59
881,female,group D,some college,standard,none,66,70,67
231,male,group B,high school,free/reduced,completed,59,62,58
490,female,group C,master's degree,standard,completed,62,68,75
773,female,group E,bachelor's degree,standard,completed,98,100,99
379,male,group D,bachelor's degree,standard,completed,100,100,100
289,female,group C,bachelor's degree,standard,none,67,72,72
419,male,group B,some college,free/reduced,none,42,48,33
675,male,group E,some college,free/reduced,none,73,73,63
392,male,group E,some college,standard,none,75,66,59
593,male,group A,associate's degree,standard,none,60,56,57
499,male,group D,associate's degree,standard,none,97,94,91
139,female,group D,some college,free/reduced,none,50,66,66
63,female,group D,some college,free/reduced,none,71,83,80
472,female,group E,associate's degree,standard,completed,86,89,96
648,female,group E,some college,free/reduced,none,74,78,81
129,female,group C,associate's degree,standard,none,69,75,75
977,female,group B,high school,standard,none,74,90,83
521,female,group E,some college,free/reduced,none,41,60,55
839,female,group B,some high school,free/reduced,none,36,51,49
963,female,group C,some college,standard,completed,59,66,71
65,female,group B,high school,free/reduced,none,61,74,71
813,female,group D,some college,standard,completed,81,99,96
15,male,group C,master's degree,free/reduced,none,55,54,52
157,female,group B,associate's degree,standard,completed,91,99,100
41,male,group C,associate's degree,free/reduced,completed,46,46,48
493,female,group D,some high school,standard,none,25,33,32
380,female,group A,high school,standard,completed,68,75,73
188,male,group C,some college,standard,none,50,40,44
764,female,group D,high school,standard,none,54,62,62
217,female,group D,high school,standard,none,58,66,70
792,male,group C,associate's degree,free/reduced,none,82,73,74
53,male,group D,some high school,standard,none,90,93,84
879,female,group E,high school,standard,none,79,78,83
338,female,group C,bachelor's degree,free/reduced,completed,54,57,63
749,female,group A,associate's degree,free/reduced,none,41,49,51
720,female,group D,bachelor's degree,standard,completed,60,74,72
725,female,group B,some college,standard,none,58,64,56
296,male,group C,bachelor's degree,free/reduced,none,51,53,51
702,female,group D,some college,standard,none,68,76,79
252,male,group C,high school,free/reduced,none,75,79,68
727,female,group B,high school,free/reduced,none,30,47,46
462,female,group D,some high school,standard,completed,54,77,78
456,male,group E,high school,free/reduced,none,81,84,78
997,male,group C,some college,standard,none,80,66,66
816,male,group B,associate's degree,standard,none,72,67,64
863,male,group D,some college,standard,none,63,60,53
270,female,group C,some college,free/reduced,completed,41,59,56
202,male,group D,some college,free/reduced,none,62,61,57
162,male,group C,associate's degree,standard,none,49,53,47
556,female,group E,high school,free/reduced,completed,66,66,75
730,female,group A,some college,standard,none,83,91,92
402,female,group D,some college,free/reduced,none,43,48,53
703,female,group A,high school,standard,none,61,69,66
477,male,group C,some high school,standard,completed,86,89,87
822,male,group E,some high school,free/reduced,none,66,60,59
772,female,group C,some high school,standard,none,67,72,71
106,female,group D,some high school,standard,none,74,75,74
566,female,group E,associate's degree,standard,none,92,100,99
390,female,group D,high school,standard,completed,91,100,100
2,male,group D,associate's degree,standard,none,96,93,87
938,female,group A,associate's degree,standard,none,61,65,59
983,male,group C,some high school,standard,none,28,27,23
562,female,group C,associate's degree,free/reduced,none,35,40,45
81,male,group C,associate's degree,standard,none,88,80,81
206,female,group B,associate's degree,standard,none,75,95,94
35,male,group D,high school,standard,completed,82,82,82
776,male,group D,high school,free/reduced,completed,38,38,41
509,female,group B,some college,standard,completed,47,58,56
428,male,group C,high school,standard,completed,72,67,67
455,male,group E,bachelor's degree,free/reduced,none,87,79,72
367,female,group B,some high school,free/reduced,none,65,83,77
92,female,group C,bachelor's degree,standard,none,63,74,75
340,female,group D,bachelor's degree,free/reduced,completed,81,96,99
898,male,group C,associate's degree,free/reduced,completed,47,49,49
565,female,group D,high school,standard,completed,85,98,99
346,male,group B,some college,standard,none,60,59,53
777,male,group A,high school,free/reduced,none,70,74,65
242,female,group D,some high school,free/reduced,none,60,69,70
14,male,group A,some college,standard,none,70,73,70
316,female,group D,some college,standard,none,71,74,80
601,female,group C,some college,standard,none,85,92,84
388,male,group C,some college,free/reduced,completed,70,75,74
274,male,group C,associate's degree,standard,none,91,84,77
167,female,group C,associate's degree,standard,none,44,49,53
841,female,group E,high school,free/reduced,completed,80,94,97
993,male,group A,associate's degree,free/reduced,completed,75,67,67
647,female,group B,some college,standard,none,56,61,65
819,male,group E,some college,free/reduced,completed,72,73,75
485,male,group C,bachelor's degree,standard,none,73,67,73
981,male,group C,associate's degree,standard,none,76,74,67
505,female,group C,master's degree,standard,completed,79,87,89
832,male,group D,some college,free/reduced,completed,67,78,70
244,female,group B,high school,free/reduced,none,67,77,81
567,male,group D,associate's degree,standard,completed,99,100,100
876,male,group E,master's degree,standard,completed,84,76,81
563,female,group A,some college,free/reduced,none,54,56,58
687,male,group D,bachelor's degree,standard,none,71,67,64
190,female,group C,bachelor's degree,standard,none,64,82,80
783,male,group D,master's degree,free/reduced,none,83,86,87
700,male,group D,some high school,standard,none,59,48,48
476,male,group C,some college,standard,none,66,68,62
682,female,group D,associate's degree,free/reduced,none,39,65,64
511,male,group D,some high school,free/reduced,completed,46,53,54
59,female,group C,bachelor's degree,standard,none,79,86,78
475,male,group B,associate's degree,free/reduced,none,60,59,52
561,male,group C,high school,free/reduced,completed,41,57,55
857,female,group E,some college,standard,none,89,93,98
748,female,group E,some high school,standard,completed,90,96,98
253,male,group B,bachelor's degree,standard,completed,62,60,55
22,female,group D,associate's degree,standard,completed,67,71,76
314,male,group C,master's degree,standard,none,80,79,73
460,female,group C,master's degree,standard,none,75,82,81
161,male,group E,associate's degree,standard,none,83,83,78
277,female,group D,master's degree,standard,none,44,39,37
956,female,group E,some college,standard,none,64,68,60
192,female,group A,some high school,standard,completed,64,81,87
386,female,group C,some high school,standard,none,62,64,64
806,female,group C,high school,standard,none,61,57,55
414,female,group D,high school,standard,completed,63,78,74
492,female,group D,high school,standard,completed,50,72,70
344,female,group B,high school,free/reduced,completed,60,66,64
770,male,group C,some high school,standard,completed,60,51,55
309,male,group B,bachelor's degree,standard,completed,88,82,82
662,female,group B,some college,free/reduced,completed,47,61,64
131,female,group C,associate's degree,free/reduced,none,52,65,60
664,male,group E,some college,standard,completed,91,76,78
872,female,group C,some college,standard,none,77,79,78
100,male,group C,some college,free/reduced,none,83,62,64
373,female,group C,high school,free/reduced,completed,66,81,75
88,male,group E,some college,standard,none,98,79,85
459,female,group A,some high school,free/reduced,none,57,70,71
331,female,group E,some high school,standard,none,78,86,80
215,male,group A,some high school,standard,none,83,77,77
467,female,group D,associate's degree,standard,completed,73,87,83
122,male,group D,master's degree,standard,none,82,84,81
615,male,group E,high school,free/reduced,completed,74,67,61
21,male,group C,high school,free/reduced,none,66,66,62
701,male,group C,some college,free/reduced,none,60,67,61
72,female,group D,some college,free/reduced,completed,64,82,80
107,female,group B,some high school,standard,completed,69,76,72
271,female,group C,some college,standard,none,84,88,84
861,male,group B,associate's degree,standard,completed,79,77,75
436,female,group C,associate's degree,standard,completed,71,84,88
103,male,group D,associate's degree,standard,none,74,69,63
